{
  "timestamp": {
    "total": 1620956627,
    "exchanges": {
      "WAL": 1620914351,
      "MBT": 1620956603,
      "BZX": 1620956341,
      "BTD": 1620956564,
      "BSQ": 1620929927
    }
  },
  "ticker_24h": {
    "total": {
      "last": 269147.1630025767,
      "high": 289130.7906,
      "low": 250000,
      "vol": 415.62604621280053,
      "vwap": 263195.5693369148,
      "money": 109390933.86422889,
      "trades": 43647
    },
    "exchanges": {
      "WAL": {
        "last": 272000,
        "open": 266000,
        "high": 272000,
        "low": 260000,
        "vol": 0.5230378227996657,
        "vwap": 264981.3525276445,
        "money": 138595.26970856986,
        "trades": 74
      },
      "MBT": {
        "last": 268999.92999,
        "open": 267000.00002,
        "high": 272200,
        "low": 250000,
        "vol": 315.9304560700008,
        "vwap": 262895.5783318007,
        "money": 83056719.9611524,
        "trades": 33381
      },
      "BZX": {
        "last": 267114.03,
        "open": 264999.79,
        "high": 275000,
        "low": 250000,
        "vol": 13.172140400000005,
        "vwap": 261600.74535142162,
        "money": 3445841.7465135744,
        "trades": 1024
      },
      "BTD": {
        "last": 269988.12,
        "open": 268600,
        "high": 274000,
        "low": 250001,
        "vol": 85.81131192000008,
        "vwap": 264505.4689209976,
        "money": 22697561.29812561,
        "trades": 9157
      },
      "BSQ": {
        "last": 264387.7215,
        "open": 287880.4548,
        "high": 289130.7906,
        "low": 264387.7215,
        "vol": 0.1891,
        "vwap": 276126.8573702803,
        "money": 52215.58872872,
        "trades": 11
      }
    }
  },
  "ticker_12h": {
    "total": {
      "last": 269114.7519779988,
      "high": 287478.7127,
      "low": 250000,
      "vol": 205.4309513599354,
      "vwap": 261555.5873355227,
      "money": 53731613.1398431,
      "trades": 22578
    },
    "exchanges": {
      "WAL": {
        "last": 272000,
        "open": 270598.89,
        "high": 272000,
        "low": 270598.89,
        "vol": 0.0029175299349172004,
        "vwap": 272833.53307653056,
        "money": 796,
        "trades": 3
      },
      "MBT": {
        "last": 268999.92999,
        "open": 268999.9795,
        "high": 270000,
        "low": 250000,
        "vol": 160.4075551700004,
        "vwap": 261319.7968489893,
        "money": 41917669.73006754,
        "trades": 17509
      },
      "BZX": {
        "last": 267114.03,
        "open": 272002.28,
        "high": 275000,
        "low": 250000.01,
        "vol": 7.236946669999999,
        "vwap": 260162.8799305059,
        "money": 1882784.8875706843,
        "trades": 668
      },
      "BTD": {
        "last": 269988.12,
        "open": 269400,
        "high": 271899.72,
        "low": 250001,
        "vol": 37.72243199000008,
        "vwap": 262797.7738154199,
        "money": 9913371.1498756,
        "trades": 4394
      },
      "BSQ": {
        "last": 264387.7215,
        "open": 277513.3327,
        "high": 287478.7127,
        "low": 264387.7215,
        "vol": 0.0611,
        "vwap": 278091.20015171845,
        "money": 16991.372329269998,
        "trades": 4
      }
    }
  },
  "ticker_1h": {
    "total": {
      "last": 269302.42873354733,
      "high": 269995.55,
      "low": 260103.33,
      "vol": 10.114845640000002,
      "vwap": 268259.7574222475,
      "money": 2713406.037749878,
      "trades": 1253
    },
    "exchanges": {
      "MBT": {
        "last": 268999.92999,
        "open": 267799.86,
        "high": 269399.99996,
        "low": 266900.23611,
        "vol": 6.620002000000001,
        "vwap": 268773.7624791853,
        "money": 1779282.8451597318,
        "trades": 957
      },
      "BZX": {
        "last": 267114.03,
        "open": 268959.96,
        "high": 268959.97,
        "low": 266027.59,
        "vol": 0.13317355,
        "vwap": 267246.37505017023,
        "money": 35590.148490062595,
        "trades": 22
      },
      "BTD": {
        "last": 269988.12,
        "open": 267999.42,
        "high": 269995.55,
        "low": 260103.33,
        "vol": 3.3616700899999996,
        "vwap": 267287.6933322401,
        "money": 898533.0441000839,
        "trades": 274
      }
    }
  },
  "rates": {
    "USDCBRL": 5.3106,
    "USDTBRL": 5.59
  }
}